{"assets/fonts/Raleway-Black.ttf":["assets/fonts/Raleway-Black.ttf"],"assets/fonts/Raleway-Bold.ttf":["assets/fonts/Raleway-Bold.ttf"],"assets/fonts/Raleway-Regular.ttf":["assets/fonts/Raleway-Regular.ttf"],"assets/fonts/RobotoCondensed-Bold.ttf":["assets/fonts/RobotoCondensed-Bold.ttf"],"assets/fonts/RobotoCondensed-Italic.ttf":["assets/fonts/RobotoCondensed-Italic.ttf"],"assets/fonts/RobotoCondensed-Light.ttf":["assets/fonts/RobotoCondensed-Light.ttf"],"assets/fonts/RobotoCondensed-Regular.ttf":["assets/fonts/RobotoCondensed-Regular.ttf"],"packages/cupertino_icons/assets/CupertinoIcons.ttf":["packages/cupertino_icons/assets/CupertinoIcons.ttf"]}