[{"family":"MaterialIcons","fonts":[{"asset":"fonts/MaterialIcons-Regular.otf"}]},{"family":"Raleway","fonts":[{"asset":"assets/fonts/Raleway-Regular.ttf"},{"weight":700,"asset":"assets/fonts/Raleway-Bold.ttf"},{"weight":900,"asset":"assets/fonts/Raleway-Black.ttf"}]},{"family":"RobotoCondensed","fonts":[{"asset":"assets/fonts/RobotoCondensed-Bold.ttf"},{"asset":"assets/fonts/RobotoCondensed-Italic.ttf"},{"asset":"assets/fonts/RobotoCondensed-Light.ttf"},{"weight":700,"asset":"assets/fonts/RobotoCondensed-Regular.ttf"}]},{"family":"packages/cupertino_icons/CupertinoIcons","fonts":[{"asset":"packages/cupertino_icons/assets/CupertinoIcons.ttf"}]}]